Id,PriceCategory
1461,Low
1462,Medium
1463,Medium
1464,Medium
1465,Medium
1466,Medium
1467,Medium
1468,Medium
1469,Medium
1470,Low
1471,High
1472,Low
1473,Low
1474,Medium
1475,Low
1476,High
1477,High
1478,High
1479,High
1480,High
1481,High
1482,High
1483,Medium
1484,Medium
1485,Medium
1486,High
1487,High
1488,High
1489,High
1490,High
1491,High
1492,Low
1493,Medium
1494,High
1495,High
1496,High
1497,Medium
1498,Medium
1499,Medium
1500,Medium
1501,Medium
1502,Medium
1503,High
1504,High
1505,High
1506,Medium
1507,High
1508,Medium
1509,Medium
1510,Medium
1511,Medium
1512,Medium
1513,Medium
1514,Medium
1515,Medium
1516,Medium
1517,Medium
1518,Low
1519,High
1520,Medium
1521,Medium
1522,Medium
1523,Low
1524,Low
1525,Low
1526,Low
1527,Low
1528,Low
1529,Medium
1530,Medium
1531,Low
1532,Low
1533,Low
1534,Low
1535,Medium
1536,Low
1537,Low
1538,Low
1539,Medium
1540,Low
1541,Low
1542,Low
1543,Medium
1544,Low
1545,Low
1546,Low
1547,Low
1548,Low
1549,Low
1550,Low
1551,Low
1552,Low
1553,Medium
1554,Low
1555,Medium
1556,Low
1557,Low
1558,Low
1559,Low
1560,Low
1561,Low
1562,Low
1563,Low
1564,Medium
1565,Medium
1566,High
1567,Low
1568,High
1569,Medium
1570,Medium
1571,Low
1572,Medium
1573,High
1574,Low
1575,High
1576,High
1577,High
1578,Low
1579,Medium
1580,Medium
1581,Medium
1582,Low
1583,High
1584,High
1585,Medium
1586,Low
1587,Low
1588,Medium
1589,Low
1590,Low
1591,Low
1592,Low
1593,Low
1594,Low
1595,Low
1596,Medium
1597,Medium
1598,Medium
1599,Medium
1600,Medium
1601,Low
1602,Low
1603,Low
1604,High
1605,High
1606,Medium
1607,Medium
1608,High
1609,High
1610,Medium
1611,Medium
1612,Medium
1613,Medium
1614,Low
1615,Low
1616,Low
1617,Low
1618,Low
1619,Low
1620,Medium
1621,Medium
1622,Medium
1623,High
1624,High
1625,Low
1626,Medium
1627,Medium
1628,High
1629,Medium
1630,High
1631,Medium
1632,High
1633,Medium
1634,Medium
1635,Medium
1636,Medium
1637,Medium
1638,High
1639,Medium
1640,High
1641,Medium
1642,High
1643,High
1644,High
1645,Medium
1646,Medium
1647,Medium
1648,Medium
1649,Low
1650,Low
1651,Low
1652,Low
1653,Low
1654,Medium
1655,Medium
1656,Medium
1657,Medium
1658,Medium
1659,Low
1660,Medium
1661,High
1662,High
1663,High
1664,High
1665,High
1666,High
1667,High
1668,High
1669,High
1670,High
1671,High
1672,High
1673,High
1674,High
1675,High
1676,High
1677,High
1678,High
1679,High
1680,High
1681,High
1682,High
1683,Medium
1684,Medium
1685,Medium
1686,Medium
1687,Medium
1688,High
1689,High
1690,Medium
1691,Medium
1692,High
1693,Medium
1694,Medium
1695,Medium
1696,High
1697,Medium
1698,High
1699,High
1700,High
1701,High
1702,High
1703,High
1704,High
1705,High
1706,High
1707,High
1708,High
1709,High
1710,High
1711,High
1712,High
1713,High
1714,High
1715,High
1716,Medium
1717,Medium
1718,Medium
1719,High
1720,High
1721,Medium
1722,Medium
1723,Medium
1724,High
1725,High
1726,Medium
1727,Medium
1728,Medium
1729,Medium
1730,Medium
1731,Low
1732,Low
1733,Low
1734,Low
1735,Low
1736,Low
1737,High
1738,High
1739,High
1740,High
1741,High
1742,Medium
1743,Medium
1744,High
1745,High
1746,Medium
1747,High
1748,High
1749,Medium
1750,Low
1751,High
1752,Low
1753,Medium
1754,High
1755,Medium
1756,Low
1757,Low
1758,Medium
1759,Medium
1760,Medium
1761,Medium
1762,Medium
1763,Medium
1764,Low
1765,Medium
1766,Medium
1767,Medium
1768,Medium
1769,Medium
1770,Low
1771,Low
1772,Medium
1773,Low
1774,Low
1775,Low
1776,Low
1777,Low
1778,Low
1779,Low
1780,Medium
1781,Low
1782,Low
1783,Medium
1784,Low
1785,Low
1786,Low
1787,Medium
1788,Low
1789,Low
1790,Low
1791,Medium
1792,Medium
1793,Medium
1794,Low
1795,Low
1796,Medium
1797,Low
1798,Low
1799,Low
1800,Medium
1801,Low
1802,Low
1803,Medium
1804,Medium
1805,Medium
1806,Low
1807,Low
1808,Low
1809,Low
1810,Low
1811,Low
1812,Low
1813,Low
1814,Low
1815,Low
1816,Low
1817,Low
1818,Low
1819,Low
1820,Low
1821,Low
1822,Medium
1823,Low
1824,Low
1825,Low
1826,Low
1827,Low
1828,Low
1829,Low
1830,Low
1831,Low
1832,Low
1833,Low
1834,Low
1835,Low
1836,Low
1837,Low
1838,Low
1839,Low
1840,Medium
1841,Medium
1842,Low
1843,Medium
1844,Medium
1845,Medium
1846,Medium
1847,Medium
1848,Low
1849,Low
1850,Low
1851,Medium
1852,Low
1853,Medium
1854,Medium
1855,Medium
1856,High
1857,Medium
1858,Low
1859,Medium
1860,Medium
1861,Medium
1862,High
1863,High
1864,High
1865,High
1866,High
1867,High
1868,High
1869,High
1870,High
1871,High
1872,Medium
1873,High
1874,Low
1875,High
1876,High
1877,High
1878,High
1879,Low
1880,Low
1881,High
1882,High
1883,High
1884,High
1885,High
1886,High
1887,High
1888,High
1889,Medium
1890,Medium
1891,Medium
1892,Low
1893,Low
1894,Low
1895,Medium
1896,Low
1897,Low
1898,Low
1899,Medium
1900,Low
1901,Medium
1902,Medium
1903,Medium
1904,Low
1905,Medium
1906,Medium
1907,Medium
1908,Low
1909,Medium
1910,Medium
1911,Medium
1912,High
1913,Low
1914,Low
1915,High
1916,Low
1917,High
1918,Low
1919,Medium
1920,Medium
1921,High
1922,High
1923,Medium
1924,High
1925,High
1926,High
1927,Low
1928,Medium
1929,Low
1930,Medium
1931,Low
1932,Medium
1933,Medium
1934,Medium
1935,Medium
1936,High
1937,Medium
1938,Medium
1939,High
1940,Medium
1941,Medium
1942,Medium
1943,Medium
1944,High
1945,High
1946,Medium
1947,High
1948,Medium
1949,High
1950,Medium
1951,High
1952,High
1953,Medium
1954,High
1955,Low
1956,High
1957,Medium
1958,High
1959,Low
1960,Low
1961,Low
1962,Low
1963,Low
1964,Low
1965,Medium
1966,Medium
1967,High
1968,High
1969,High
1970,High
1971,High
1972,High
1973,High
1974,High
1975,High
1976,High
1977,High
1978,High
1979,High
1980,High
1981,High
1982,High
1983,High
1984,Medium
1985,High
1986,High
1987,Medium
1988,Medium
1989,Medium
1990,High
1991,High
1992,High
1993,Medium
1994,High
1995,Medium
1996,High
1997,High
1998,High
1999,High
2000,High
2001,High
2002,High
2003,High
2004,High
2005,High
2006,High
2007,High
2008,High
2009,High
2010,High
2011,Medium
2012,Medium
2013,Medium
2014,High
2015,High
2016,High
2017,High
2018,Low
2019,Low
2020,Low
2021,Low
2022,Medium
2023,Medium
2024,High
2025,High
2026,Medium
2027,Medium
2028,Medium
2029,Medium
2030,High
2031,High
2032,High
2033,High
2034,Medium
2035,High
2036,Medium
2037,Medium
2038,High
2039,High
2040,High
2041,High
2042,High
2043,Medium
2044,Medium
2045,Medium
2046,Low
2047,Medium
2048,Low
2049,Medium
2050,Medium
2051,Low
2052,Medium
2053,Medium
2054,Low
2055,Medium
2056,Medium
2057,Low
2058,Medium
2059,Medium
2060,Medium
2061,Medium
2062,Medium
2063,Low
2064,Low
2065,Low
2066,Medium
2067,Medium
2068,Low
2069,Low
2070,Low
2071,Low
2072,Low
2073,Medium
2074,Medium
2075,Medium
2076,Low
2077,Medium
2078,Low
2079,Low
2080,Low
2081,Low
2082,Low
2083,Low
2084,Low
2085,Low
2086,Low
2087,Low
2088,Low
2089,Low
2090,Low
2091,Low
2092,Low
2093,Low
2094,Low
2095,Low
2096,Low
2097,Low
2098,Low
2099,Low
2100,Low
2101,Low
2102,Low
2103,Low
2104,Low
2105,Low
2106,Low
2107,Medium
2108,Low
2109,Low
2110,Low
2111,Medium
2112,Low
2113,Low
2114,Low
2115,Medium
2116,Low
2117,Low
2118,Low
2119,Low
2120,Low
2121,Low
2122,Low
2123,Low
2124,Medium
2125,Low
2126,Medium
2127,Low
2128,Low
2129,Low
2130,Low
2131,Low
2132,Low
2133,Low
2134,Low
2135,Low
2136,Low
2137,Low
2138,Low
2139,Medium
2140,Medium
2141,Medium
2142,Low
2143,Medium
2144,Low
2145,Low
2146,Medium
2147,Medium
2148,Low
2149,Low
2150,Medium
2151,Low
2152,Medium
2153,Medium
2154,Low
2155,Low
2156,High
2157,High
2158,High
2159,High
2160,Medium
2161,High
2162,High
2163,High
2164,High
2165,Medium
2166,Medium
2167,High
2168,High
2169,High
2170,High
2171,Medium
2172,Low
2173,Medium
2174,High
2175,High
2176,High
2177,High
2178,High
2179,Medium
2180,High
2181,High
2182,High
2183,High
2184,Low
2185,Medium
2186,Medium
2187,Medium
2188,Medium
2189,Medium
2190,Low
2191,Low
2192,Low
2193,Low
2194,Low
2195,Low
2196,Low
2197,Low
2198,Medium
2199,Medium
2200,Low
2201,Low
2202,Medium
2203,Medium
2204,Medium
2205,Low
2206,Low
2207,Medium
2208,High
2209,Medium
2210,Medium
2211,Low
2212,Low
2213,Low
2214,Medium
2215,Low
2216,Medium
2217,Low
2218,Low
2219,Low
2220,Low
2221,High
2222,High
2223,High
2224,High
2225,Medium
2226,Medium
2227,High
2228,High
2229,High
2230,Medium
2231,High
2232,Medium
2233,Medium
2234,High
2235,High
2236,High
2237,High
2238,Medium
2239,Medium
2240,Medium
2241,Medium
2242,Low
2243,Low
2244,Low
2245,Low
2246,Medium
2247,Low
2248,Low
2249,Low
2250,Low
2251,Low
2252,Medium
2253,Medium
2254,Medium
2255,Medium
2256,Medium
2257,Medium
2258,Medium
2259,Medium
2260,Medium
2261,Medium
2262,Medium
2263,High
2264,High
2265,Medium
2266,High
2267,High
2268,High
2269,Medium
2270,Medium
2271,High
2272,High
2273,Medium
2274,Medium
2275,Medium
2276,Medium
2277,Medium
2278,Medium
2279,Low
2280,Low
2281,Medium
2282,Medium
2283,Low
2284,Low
2285,Medium
2286,Low
2287,High
2288,High
2289,High
2290,High
2291,High
2292,High
2293,High
2294,High
2295,High
2296,High
2297,High
2298,High
2299,High
2300,High
2301,High
2302,High
2303,High
2304,High
2305,High
2306,High
2307,High
2308,High
2309,High
2310,High
2311,High
2312,Medium
2313,Medium
2314,Medium
2315,Medium
2316,Medium
2317,Medium
2318,Medium
2319,Medium
2320,Medium
2321,High
2322,Medium
2323,Medium
2324,Medium
2325,High
2326,Medium
2327,High
2328,High
2329,Medium
2330,Medium
2331,High
2332,High
2333,High
2334,High
2335,High
2336,High
2337,High
2338,High
2339,High
2340,High
2341,High
2342,High
2343,High
2344,High
2345,High
2346,High
2347,High
2348,High
2349,Medium
2350,High
2351,High
2352,High
2353,High
2354,Medium
2355,Medium
2356,Medium
2357,High
2358,High
2359,Low
2360,Low
2361,Low
2362,High
2363,Medium
2364,Medium
2365,High
2366,High
2367,High
2368,High
2369,High
2370,Medium
2371,Medium
2372,Medium
2373,High
2374,High
2375,High
2376,High
2377,High
2378,Medium
2379,Medium
2380,Medium
2381,Medium
2382,Medium
2383,High
2384,High
2385,Medium
2386,Low
2387,Medium
2388,Low
2389,Low
2390,Medium
2391,Low
2392,Low
2393,Medium
2394,Medium
2395,Medium
2396,Medium
2397,Medium
2398,Low
2399,Low
2400,Low
2401,Low
2402,Low
2403,Low
2404,Medium
2405,Medium
2406,Low
2407,Low
2408,Medium
2409,Medium
2410,Medium
2411,Low
2412,Medium
2413,Medium
2414,Low
2415,Low
2416,Low
2417,Low
2418,Low
2419,Low
2420,Low
2421,Medium
2422,Low
2423,Low
2424,Medium
2425,High
2426,Low
2427,Medium
2428,Medium
2429,Low
2430,Low
2431,Low
2432,Low
2433,Medium
2434,Medium
2435,Medium
2436,Low
2437,Low
2438,Low
2439,Low
2440,Low
2441,Low
2442,Low
2443,Low
2444,Low
2445,Low
2446,Low
2447,Medium
2448,Low
2449,Low
2450,Low
2451,Low
2452,Medium
2453,Low
2454,Medium
2455,Low
2456,Low
2457,Low
2458,Low
2459,Low
2460,Low
2461,Low
2462,Low
2463,Low
2464,Low
2465,Low
2466,Low
2467,Medium
2468,Low
2469,Low
2470,Medium
2471,Medium
2472,Low
2473,Low
2474,Low
2475,Medium
2476,Low
2477,Low
2478,Medium
2479,Low
2480,Medium
2481,Low
2482,Low
2483,Low
2484,Low
2485,Low
2486,Medium
2487,Medium
2488,Low
2489,Medium
2490,Medium
2491,Low
2492,Medium
2493,Medium
2494,Medium
2495,Low
2496,High
2497,Medium
2498,Low
2499,Low
2500,Low
2501,Low
2502,Low
2503,Low
2504,Medium
2505,High
2506,High
2507,High
2508,High
2509,High
2510,High
2511,Medium
2512,High
2513,High
2514,High
2515,Medium
2516,Medium
2517,Low
2518,Medium
2519,High
2520,High
2521,High
2522,High
2523,Low
2524,Medium
2525,Medium
2526,Low
2527,Low
2528,Low
2529,Low
2530,Low
2531,High
2532,High
2533,High
2534,High
2535,High
2536,High
2537,High
2538,Medium
2539,Medium
2540,Medium
2541,Medium
2542,Medium
2543,Low
2544,Low
2545,Low
2546,Medium
2547,Low
2548,Medium
2549,Medium
2550,High
2551,Medium
2552,Low
2553,Low
2554,Low
2555,Low
2556,Low
2557,Low
2558,Low
2559,Low
2560,Low
2561,Low
2562,Low
2563,Low
2564,Medium
2565,Medium
2566,Medium
2567,Low
2568,Medium
2569,Medium
2570,Medium
2571,High
2572,Medium
2573,High
2574,High
2575,Low
2576,Low
2577,Medium
2578,Low
2579,Low
2580,Low
2581,Medium
2582,Low
2583,High
2584,Medium
2585,High
2586,High
2587,Medium
2588,Low
2589,Medium
2590,High
2591,Medium
2592,High
2593,High
2594,Medium
2595,High
2596,High
2597,High
2598,High
2599,High
2600,Medium
2601,Medium
2602,Low
2603,Low
2604,Low
2605,Low
2606,Medium
2607,Medium
2608,High
2609,Medium
2610,Low
2611,Medium
2612,Medium
2613,Low
2614,Low
2615,Medium
2616,Low
2617,Medium
2618,Medium
2619,Medium
2620,Medium
2621,Medium
2622,Medium
2623,High
2624,High
2625,High
2626,Medium
2627,Medium
2628,High
2629,High
2630,High
2631,High
2632,High
2633,High
2634,High
2635,Medium
2636,Medium
2637,Medium
2638,High
2639,Medium
2640,Medium
2641,Low
2642,High
2643,Low
2644,Low
2645,Low
2646,Low
2647,Low
2648,Medium
2649,Medium
2650,Low
2651,Medium
2652,High
2653,High
2654,High
2655,High
2656,High
2657,High
2658,High
2659,High
2660,High
2661,High
2662,High
2663,High
2664,High
2665,High
2666,High
2667,Medium
2668,Medium
2669,Medium
2670,High
2671,Medium
2672,Medium
2673,High
2674,High
2675,Medium
2676,Medium
2677,Medium
2678,High
2679,High
2680,High
2681,High
2682,High
2683,High
2684,High
2685,High
2686,High
2687,High
2688,High
2689,High
2690,High
2691,High
2692,Medium
2693,High
2694,Medium
2695,High
2696,Medium
2697,High
2698,High
2699,Medium
2700,Medium
2701,Medium
2702,Low
2703,Medium
2704,Low
2705,Low
2706,Low
2707,Low
2708,Low
2709,Low
2710,Low
2711,High
2712,High
2713,Medium
2714,Medium
2715,Medium
2716,Medium
2717,Medium
2718,High
2719,Medium
2720,Medium
2721,Medium
2722,Medium
2723,Medium
2724,Low
2725,Low
2726,Medium
2727,Medium
2728,Medium
2729,Medium
2730,Medium
2731,Low
2732,Low
2733,Medium
2734,Medium
2735,Medium
2736,Medium
2737,Low
2738,Low
2739,Medium
2740,Medium
2741,Medium
2742,Medium
2743,Medium
2744,Medium
2745,Medium
2746,Low
2747,Medium
2748,Low
2749,Low
2750,Low
2751,Low
2752,Medium
2753,Medium
2754,Medium
2755,Low
2756,Low
2757,Low
2758,Low
2759,Low
2760,Low
2761,Medium
2762,Medium
2763,Medium
2764,Medium
2765,High
2766,Low
2767,Low
2768,Low
2769,Medium
2770,Low
2771,Low
2772,Low
2773,Low
2774,Low
2775,Low
2776,Low
2777,Low
2778,Low
2779,Low
2780,Low
2781,Low
2782,Low
2783,Low
2784,Low
2785,Low
2786,Low
2787,Low
2788,Low
2789,Medium
2790,Low
2791,Low
2792,Low
2793,Medium
2794,Low
2795,Low
2796,Low
2797,Medium
2798,Low
2799,Low
2800,Low
2801,Low
2802,Low
2803,Low
2804,Medium
2805,Low
2806,Low
2807,Medium
2808,Medium
2809,Low
2810,Low
2811,Medium
2812,Medium
2813,Medium
2814,Medium
2815,Low
2816,Medium
2817,Medium
2818,Low
2819,Medium
2820,Medium
2821,Low
2822,Medium
2823,High
2824,Medium
2825,Medium
2826,Medium
2827,Low
2828,High
2829,Medium
2830,High
2831,High
2832,High
2833,High
2834,High
2835,High
2836,High
2837,Medium
2838,Medium
2839,Medium
2840,Medium
2841,High
2842,High
2843,Medium
2844,Medium
2845,Low
2846,High
2847,High
2848,High
2849,High
2850,High
2851,High
2852,High
2853,High
2854,Low
2855,High
2856,High
2857,Medium
2858,Medium
2859,Medium
2860,Low
2861,Medium
2862,High
2863,Low
2864,High
2865,Medium
2866,Low
2867,Low
2868,Low
2869,Low
2870,Medium
2871,Low
2872,Low
2873,Low
2874,Low
2875,Low
2876,Medium
2877,Low
2878,Medium
2879,Low
2880,Low
2881,Medium
2882,Medium
2883,Medium
2884,Medium
2885,Medium
2886,Medium
2887,Low
2888,Low
2889,Low
2890,Low
2891,Low
2892,Low
2893,Low
2894,Low
2895,High
2896,High
2897,High
2898,Medium
2899,High
2900,Medium
2901,Medium
2902,Medium
2903,High
2904,High
2905,Low
2906,Medium
2907,Low
2908,Low
2909,Medium
2910,Low
2911,Low
2912,Medium
2913,Low
2914,Low
2915,Low
2916,Low
2917,Medium
2918,Low
2919,High
